[
  {
    "Question": "What is criminal conspiracy under the Indian Penal Code?",
    "Answer": "Criminal conspiracy is when two or more people agree to commit an illegal act or a legal act by illegal means."
  },
  {
    "Question": "What if the act is legal but the means are illegal?",
    "Answer": "Even if the act is legal, but the means to accomplish it are illegal, it still counts as a criminal conspiracy."
  },
  {
    "Question": "What is the punishment for engaging in a criminal conspiracy?",
    "Answer": "If the conspiracy is to commit a serious crime, like murder, the punishment can be the same as for the crime itself. For other conspiracies, the punishment could be up to six months, a fine, or both."
  },
  {
    "Question": "What does it mean to wage war against the Government of India under the IPC?",
    "Answer": "Waging war against the Government of India means to try to overthrow or attack the government by force or violence."
  },
  {
    "Offense": "",
    "Question": "What is the punishment for waging war against the Government of India?",
    "Answer": "The punishment can be death, life imprisonment, or imprisonment for up to ten years, along with a fine."
  },
  {
    "Offense": "Section 122 - Collecting Arms, Etc., with the Intention of Waging War Against the Government of India",
    "Question": "What does it mean to collect arms with the intention of waging war?",
    "Answer": "It means gathering weapons, ammunition, or men with the plan to wage war against the Government of India."
  },
  {
    "Offense": "",
    "Question": "What is the punishment for this offense?",
    "Answer": "The punishment can be life imprisonment or imprisonment for up to ten years, along with a fine."
  },
  {
    "Offense": "Section 123 - Concealing with Intent to Facilitate a Design to Wage War",
    "Question": "What does it mean to conceal a plan to wage war?",
    "Answer": "It means hiding or not reporting plans or intentions to wage war against the Government of India, with the intent to help those plans succeed."
  },
  {
    "Offense": "",
    "Question": "What is the punishment for this concealment?",
    "Answer": "The punishment can be imprisonment for up to ten years, along with a fine."
  },
  {
    "Offense": "Section 124 - Assaulting President, Governor, Etc., with Intent to Compel or Restrain the Exercise of Any Lawful Power",
    "Question": "What does it mean to assault the President or Governor to compel or restrain their powers?",
    "Answer": "It means attacking or threatening the President, Governor, or any person holding such a position to force them to act in a certain way or to prevent them from exercising their legal powers."
  },
  {
    "Offense": "",
    "Question": "What is the punishment for such an assault?",
    "Answer": "The punishment can be imprisonment for up to seven years, along with a fine."
  },
  {
    "Offense": "Section 124A - Sedition",
    "Question": "What is sedition under the Indian Penal Code?",
    "Answer": "Sedition involves actions, words, or writings that incite hatred, contempt, or disaffection against the Government of India"
  },
  {
    "Offense": "",
    "Question": "What is the punishment for sedition?",
    "Answer": "The punishment can range from life imprisonment to imprisonment for up to three years, along with a fine."
  },
  {
    "Offense": "Section 125 - Waging War Against Any Asiatic Power in Alliance with the Government of India",
    "Question": "What does it mean to wage war against an Asiatic power allied with the Government of India?",
    "Answer": "It means engaging in or supporting acts of war against a country in Asia that is an ally of India."
  },
  {
    "Offense": "",
    "Question": "What is the punishment for this offense?",
    "Answer": "The punishment can be life imprisonment or imprisonment for up to seven years, along with a fine"
  },
  {
    "Offense": "Section 126 - Committing Depredation on Territories of Power at Peace with the Government of India",
    "Question": "What does it mean to commit depredation on territories of a power at peace with India?",
    "Answer": "It means attacking, plundering, or causing destruction in areas belonging to a country that is not at war with India."
  },
  {
    "Offense": "",
    "Question": "What is the punishment for this offense?",
    "Answer": "The punishment can be imprisonment for up to seven years, a fine, and forfeiture of property."
  },
  {
    "Offense": "Section 127 - Receiving Property Taken During War or Depredation",
    "Question": "What does it mean to receive property taken during war or depredation?",
    "Answer": "It means accepting or buying property that was stolen or taken during war or acts of plundering, knowing that it was obtained illegally."
  },
  {
    "Offense": "",
    "Question": "What is the punishment for this offense?",
    "Answer": "The punishment can be imprisonment for up to seven years, a fine, and the forfeiture of the received property."
  },
  {
    "Offense": "Section 128 - Public Servant Voluntarily Allowing Prisoner of State or War to Escape",
    "Question": "What happens if a public servant intentionally lets a prisoner of state or war escape?",
    "Answer": "If a public servant who is responsible for such prisoners willingly allows them to escape, it's considered a serious offense."
  },
  {
    "Offense": "",
    "Question": "What is the punishment for this offense?",
    "Answer": "The punishment can be life imprisonment or imprisonment for up to ten years, along with a fine."
  },
  {
    "Offense": "Section 129 - Public Servant Negligently Allowing Prisoner of State or War to Escape",
    "Question": "What happens if a public servant carelessly allows a prisoner of state or war to escape?",
    "Answer": "If a prisoner escapes because of the negligence or carelessness of the public servant in charge, it's considered an offense."
  },
  {
    "Offense": "",
    "Question": "What is the punishment for this offense?",
    "Answer": "The punishment can be imprisonment for up to three years, along with a fine"
  },
  {
    "Offense": "Section 130 - Aiding Escape of, Rescuing, or Harbouring Such Prisoners",
    "Question": "What does it mean to aid the escape or harbor a prisoner of state or war?",
    "Answer": "It means helping a prisoner of state or war to escape, rescuing them, or hiding them from the authorities."
  },
  {
    "Offense": "",
    "Question": "What is the punishment for this offense?",
    "Answer": "The punishment can be life imprisonment or imprisonment for up to ten years, along with a fine."
  },
  {
    "Offense": "Section 131 - Abetting Mutiny, or Attempting to Seduce a Soldier, Sailor, or Airman",
    "Question": "What is abetting mutiny or seducing a soldier under the IPC?",
    "Answer": "It means encouraging or assisting a soldier, sailor, or airman to revolt or disobey their superiors, or attempting to lead them away from their duty."
  },
  {
    "Offense": "",
    "Question": "What is the punishment for this offense?",
    "Answer": "The punishment can be life imprisonment or imprisonment for up to ten years, along with a fine."
  },
  {
    "Offense": "Section 132 - Abetment of Mutiny if Mutiny is Committed",
    "Question": "What happens if mutiny actually occurs as a result of abetment?",
    "Answer": "If mutiny takes place because someone abetted it, the person who encouraged the mutiny faces severe punishment."
  },
  {
    "Offense": "",
    "Question": "What is the punishment for abetting mutiny if it is committed?",
    "Answer": "The punishment can be death or life imprisonment, along with a fine."
  },
  {
    "Offense": "Section 133 - Abetment of Assault by a Soldier, Sailor, or Airman on His Superior Officer",
    "Question": "What is abetting the assault of a superior officer by a soldier, sailor, or airman?",
    "Answer": "It means encouraging or helping a soldier, sailor, or airman to attack their superior officer while the officer is performing their duty."
  },
  {
    "Offense": "",
    "Question": "What is the punishment for this offense?",
    "Answer": "The punishment can be imprisonment for up to three years, along with a fine."
  },
  {
    "Offense": "Section 134 - Abetment of Such Assault if the Assault is Committed",
    "Question": "What happens if the assault on a superior officer actually occurs as a result of abetment?",
    "Answer": "If the assault takes place because someone abetted it, the abettor faces more serious punishment."
  },
  {
    "Offense": "",
    "Question": "What is the punishment for abetting such an assault if it is committed?",
    "Answer": "The punishment can be imprisonment for up to seven years, along with a fine."
  },
  {
    "Offense": "Section 135 - Abetment of Desertion of Soldier, Sailor, or Airman",
    "Question": "What is abetting the desertion of a soldier, sailor, or airman?",
    "Answer": "It means encouraging or helping a soldier, sailor, or airman to abandon their post or duty."
  },
  {
    "Offense": "",
    "Question": "What is the punishment for this offense?",
    "Answer": "The punishment can be imprisonment for up to two years, along with a fine."
  },
  {
    "Offense": "Section 136 - Harbouring a Deserter",
    "Question": "What does it mean to harbor a deserter under the IPC?",
    "Answer": "It means hiding or giving shelter to a soldier, sailor, or airman who has deserted their post, knowing that they have done so."
  },
  {
    "Offense": "",
    "Question": "What is the punishment for harboring a deserter?",
    "Answer": "The punishment can be imprisonment for up to two years, a fine, or both."
  },
  {
    "Offense": "Section 137 - Deserter Concealing Himself",
    "Question": "What happens if a deserter tries to hide or conceal themselves?",
    "Answer": "If a soldier, sailor, or airman who has deserted tries to hide or avoid detection, it is considered an offense."
  },
  {
    "Offense": "",
    "Question": "What is the punishment for a deserter concealing themselves?",
    "Answer": "The punishment can be imprisonment for up to two years, a fine, or both."
  },
  {
    "Offense": "Section 138 - Abetment of Act of Insubordination by a Soldier, Sailor, or Airman",
    "Question": "What is abetting an act of insubordination by a soldier, sailor, or airman?",
    "Answer": "It means encouraging or helping a soldier, sailor, or airman to disobey or refuse to follow lawful orders from a superior officer."
  },
  {
    "Offense": "",
    "Question": "What is the punishment for this offense?",
    "Answer": "The punishment can be imprisonment for up to six months, a fine, or both."
  },
  {
    "Offense": "Section 140 - Wearing Garb or Carrying Token Used by Soldier, Sailor, or Airman",
    "Question": "What does it mean to wear the uniform or carry the insignia of a soldier, sailor, or airman?",
    "Answer": "It means wearing a military uniform or carrying any token that is typically used by military personnel without proper authority."
  },
  {
    "Offense": "",
    "Question": "What is the punishment for wearing such a uniform or carrying such tokens without authorization?",
    "Answer": "The punishment can be imprisonment for up to three months, a fine of up to five hundred rupees, or both."
  },
  {
    "Offense": "Section 141 - Unlawful Assembly",
    "Question": "What is considered an unlawful assembly under the Indian Penal Code?",
    "Answer": "An unlawful assembly is a gathering of five or more people with the intent to commit an illegal act or to carry out a legal act in a manner that is likely to cause a breach of peace."
  },
  {
    "Offense": "",
    "Question": "What is the intent behind forming an unlawful assembly?",
    "Answer": "The intent can be to use criminal force, resist execution of the law, or any other activity that disturbs public peace."
  },
  {
    "Offense": "Section 142 - Being a Member of Unlawful Assembly",
    "Question": "What does it mean to be a member of an unlawful assembly?",
    "Answer": "It means being part of a group that has been formed with the intent to commit an illegal act or disturb public peace."
  },
  {
    "Offense": "",
    "Question": "What is the consequence of being part of an unlawful assembly?",
    "Answer": "The person can be punished as if they have committed the unlawful acts intended by the assembly."
  },
  {
    "Offense": "Section 143 - Punishment for Being a Member of an Unlawful Assembly",
    "Question": "What is the punishment for being a member of an unlawful assembly?",
    "Answer": "The punishment can be imprisonment for up to six months, a fine, or both."
  },
  {
    "Offense": "Section 144 - Joining an Unlawful Assembly Armed with Deadly Weapons",
    "Question": "What happens if someone joins an unlawful assembly while armed with deadly weapons?",
    "Answer": "If a person joins an unlawful assembly armed with weapons that can cause death, it escalates the severity of the offense."
  },
  {
    "Offense": "",
    "Question": "What is the punishment for this offense?",
    "Answer": "The punishment can be imprisonment for up to two years, a fine, or both."
  },
  {
    "Offense": "Section 145 - Joining or Continuing in Unlawful Assembly, Knowing it Has Been Commanded to Disperse",
    "Question": "What does it mean to continue in an unlawful assembly after being ordered to disperse?",
    "Answer": "It means refusing to leave an unlawful assembly after the authorities have commanded the group to disperse."
  },
  {
    "Offense": "",
    "Question": "What is the punishment for not dispersing from an unlawful assembly?",
    "Answer": "The punishment can be imprisonment for up to two years, a fine, or both."
  },
  {
    "Offense": "Section 146 - Rioting",
    "Question": "What is considered rioting under the Indian Penal Code?",
    "Answer": "Rioting occurs when an unlawful assembly uses force or violence to achieve its purpose."
  },
  {
    "Offense": "",
    "Question": "Who is held responsible during a riot?",
    "Answer": "Everyone who is part of the assembly at the time of the riot is held responsible."
  },
  {
    "Offense": "Section 147 - Punishment for Rioting",
    "Question": "What is the punishment for engaging in rioting?",
    "Answer": "The punishment can be imprisonment for up to two years, a fine, or both."
  },
  {
    "Offense": "Section 148 - Rioting, Armed with Deadly Weapon",
    "Question": "What happens if someone is armed with a deadly weapon during a riot?",
    "Answer": "If a person is armed with a deadly weapon during a riot, it significantly increases the seriousness of the offense"
  },
  {
    "Offense": "",
    "Question": "What is the punishment for rioting with a deadly weapon?",
    "Answer": "The punishment can be imprisonment for up to three years, a fine, or both."
  },
  {
    "Offense": "Section 149 - Every Member of Unlawful Assembly Guilty of Offense Committed in Prosecution of Common Object",
    "Question": "What does Section 149 imply about being part of an unlawful assembly?",
    "Answer": "It means that if any member of an unlawful assembly commits an offense in pursuit of the group's common objective, every member is considered guilty of that offense."
  },
  {
    "Offense": "",
    "Question": "What is the implication for members of the assembly?",
    "Answer": "All members are liable for the offense, even if they did not personally commit the act."
  },
  {
    "Offense": "Section 150 - Hiring, or Conniving at Hiring, of Persons to Join Unlawful Assembly",
    "Question": "What does it mean to hire people to join an unlawful assembly?",
    "Answer": "It means paying or encouraging others to join a group that intends to commit illegal acts."
  },
  {
    "Offense": "",
    "Question": "What is the punishment for this offense?",
    "Answer": "The person who hires or encourages others to join the unlawful assembly is punished as if they were a member of that assembly."
  },
  {
    "Offense": "Section 151 - Knowingly Joining or Continuing in Assembly of Five or More Persons After it Has Been Commanded to Disperse",
    "Question": "What happens if someone knowingly joins or continues in an assembly of five or more people after being commanded to disperse?",
    "Answer": "It is an offense to knowingly stay in or join an assembly after the authorities have ordered it to disperse."
  },
  {
    "Offense": "",
    "Question": "What is the punishment for this offense?",
    "Answer": "The punishment can be imprisonment for up to six months, a fine, or both."
  },
  {
    "Offense": "Section 152 - Assaulting or Obstructing Public Servant When Suppressing Riot, Etc.",
    "Question": "What does it mean to assault or obstruct a public servant who is trying to suppress a riot?",
    "Answer": "It means attacking or interfering with a public servant who is performing their duty to stop a riot or unlawful assembly."
  },
  {
    "Offense": "",
    "Question": "What is the punishment for this offense?",
    "Answer": "The punishment can be imprisonment for up to three years, a fine, or both."
  },
  {
    "Offense": "Section 153 - Wantonly Giving Provocation with Intent to Cause Riot",
    "Question": "What does it mean to give provocation with the intent to cause a riot?",
    "Answer": "It means deliberately provoking or inciting others to riot, with the intention of causing unrest or violence."
  },
  {
    "Offense": "",
    "Question": "What is the punishment for this offense?",
    "Answer": "The punishment can be imprisonment for up to one year, a fine, or both. If the riot actually occurs, the punishment can be up to two years."
  }
]