question,answer
What is the punishment for assaulting a public official with the intent to compel or restrain them?," ""Assaulting a President, Governor  or similar public official with the intent to compel or restrain them is punishable with imprisonment for up to 7 years and a fine."""
Can you explain the consequences of waging war against a country allied with India?," ""Waging war against a country allied with India can result in imprisonment for life or up to 7 years and may include a fine."""
What happens if someone commits depredation on the territory of an ally of India?," ""Committing depredation on the territory of an ally can lead to imprisonment for up to 7 years a fine and the forfeiture of any property used or gained from the act."""
What is the penalty for wearing a military uniform if you're not a member of the military?," ""Wearing a military uniform without being a member of the military can result in imprisonment for up to 3 months  a fine up to 500 rupees  or both."""
What are the penalties for making statements that cause hatred or enmity between groups?," ""Making statements that cause hatred or enmity can lead to imprisonment for up to 3 years  or a fine or both. If done in a place of worship the penalty can extend to 5 years and a fine."""
What is the punishment for someone who promotes disharmony through various means?," ""Promoting disharmony through words signs or actions can result in imprisonment for up to 3 years and a fine or both. If done in a place of worship the punishment can be up to 5 years and a fine."""
"If someone harbors people intending to join an unlawful assembly, what can happen?"," ""Harboring individuals intending to join an unlawful assembly can result in imprisonment for up to 6 months a fine or both."""
What is the consequence if a landowner does not prevent or report a riot on their land?," ""A landowner who fails to prevent or report a riot on their land can be fined up to 1000 rupees."""
What happens if an agent or manager fails to act to prevent a riot on behalf of a landowner?," ""An agent or manager who fails to act to prevent a riot on behalf of a landowner can be fined."""
What is the penalty for a person whose agent or manager fails to act against a riot?," ""The penalty for a person whose agent or manager fails to act against a riot can include a fine."""
Can you explain the penalty for someone who benefits from a riot and did not act to prevent it?," ""A person who benefits from a riot and did not act to prevent it can be fined."""
What are the consequences if someone causes a riot for the benefit of a landowner?," ""Causing a riot for the benefit of a landowner can result in a fine if the person did not use lawful means to prevent or suppress the riot."""
What happens if a riot is committed for the benefit of a landowner or someone with an interest in the land?," ""If a riot is committed for the benefit of a landowner or someone with an interest in the land the agent or manager can be fined if they failed to prevent or disperse the riot."""
What is the punishment for someone who knowingly provides shelter to individuals hired for an unlawful assembly?," ""Providing shelter to individuals hired for an unlawful assembly can result in imprisonment for up to 6 months a fine or both."""
What are the penalties for not reporting or preventing a riot when one has reason to believe it is likely?," ""Failing to report or prevent a riot when there is reason to believe it is likely can result in a fine up to 1000 rupees."""
What are the penalties for failing to act against a riot if one has reason to believe it will occur?," ""Failing to act against a riot when there is reason to believe it will occur can result in a fine."""
What is the punishment for harboring people involved in an unlawful assembly?," ""Harboring people involved in an unlawful assembly can lead to imprisonment for up to 6 months a fine or both."""
What are the consequences if a person benefits from a riot and their agent fails to prevent it?," ""If a person benefits from a riot and their agent fails to prevent it the person can be fined."""
What are the penalties for an agent or manager who does not act to prevent a riot?," ""An agent or manager who does not act to prevent a riot can be fined."""
What is the consequence if someone promotes hatred or disharmony and it results in a riot?," ""If promoting hatred or disharmony results in a riot the person can face imprisonment for up to 1 year or a fine or both."""
What are the consequences of promoting disharmony between different communities?," ""Promoting disharmony between communities can result in imprisonment for up to 3 years or both."" a fine or both. If done in a place of worship the punishment can extend to 5 years and a fine."""
